frase,situacao
sinto dor no peito e falta de ar,alto risco
tive um leve incômodo nas costas,baixo risco
"Dor de cabeça de tensão no fim da tarde, melhora com descanso.",baixo risco
"Dor de cabeça leve e pressão normal na farmácia, doze por oito.",baixo risco
"Cansaço normal depois de uma caminhada longa, sem dor no peito nem falta de ar.",baixo risco
"Acordei com o peito apertado, suando frio e com dormência no braço.",alto risco
"Estou ofegante parada, com o coração acelerado e uma dor apertando o peito.",alto risco
"Tive um desmaio depois de sentir palpitações fortes, foi a segunda vez esta semana.",alto risco
Sinto o peito apertado há vinte minutos e a dor não passa nem parado.,alto risco
"Tosse seca por causa da poeira da obra, sem febre e sem falta de ar.",baixo risco
"Senti uma dor súbita e muito forte no peito, como uma facada, com falta de ar.",alto risco
Sinto formigamento na mao depois de ficar muito tempo no celular.,baixo risco
Dor no ombro e no braço depois de dormir de mau jeito.,baixo risco
"Sou diabética e hoje sinto um mal estar forte, com falta de ar e suor frio, mesmo sem dor no peito.",alto risco
"Tenho azia e queimação depois de comer pizza à noite, melhora com antiácido.",baixo risco
"Fico ofegante quando corro atrás do ônibus, como sempre, e passa em um minuto.",baixo risco
"Não sinto dor no peito, só um cansaço leve no fim do dia.",baixo risco
"Tive um resfriado e sinto o corpo mole, mas a respiração está normal.",baixo risco
Estou com uma leve dor de cabeça depois de um dia longo no computador.,baixo risco
Dor no peito ao esforço que agora aparece até em repouso e dura mais de vinte minutos.,alto risco
"Sinto gases e a barriga estufada depois do almoço, nada além disso.",baixo risco
"Cansaço extremo, falta de ar em repouso e inchaço nas pernas que piorou em dois dias.",alto risco
Sinto um desconforto no estômago e arroto depois das refeições pesadas.,baixo risco
"Sinto o coracao bater mais rápido depois do café forte, sem tontura.",baixo risco
"Meu peito aperta, o braço esquerdo dormente e estou suando frio, começou agora.",alto risco
"Formigamento no braço esquerdo, dor no peito e enjoo, começou durante o almoço.",alto risco
Só um pouco cansado hoje.,baixo risco
Minha pressão está controlada com o remédio e não tenho sintomas.,baixo risco
"Sinto ansiedade antes de apresentações, com as mãos suando, mas sem dor no peito.",baixo risco
Sinto uma pressão no peito que vai para a mandíbula e me falta o ar.,alto risco
"Coração disparado sem parar há mais de uma hora, com falta de ar e tontura.",alto risco
Dormência na perna depois de ficar sentado de pernas cruzadas por muito tempo.,baixo risco
"Dor no peito bem localizada que aparece só quando tusso, depois da gripe.",baixo risco
Desmaiei e acordei com falta de ar.,alto risco
"Desmaio durante o exercício, sem aviso, e agora palpitação com tontura.",alto risco
"Sinto falta de ar deitada e acordo sufocada de madrugada, precisei dormir sentada.",alto risco
"Dor no peito muscular depois de flexões, piora ao levantar o braço.",baixo risco
"Sinto uma dor no peito só quando aperto o local, depois de um treino de musculação.",baixo risco
"Sinto os ombros pesados quando estou muito estressado, mas some quando relaxo.",baixo risco
"Palpitação forte com tontura e a vista escurecendo, começou faz uma hora.",alto risco
"Presão muito alta com dor na nuca, vômito e dificuldade para falar.",alto risco
"Dor de cabeça súbita e muito forte, a pior da minha vida, com confusão mental.",alto risco
"Sou idosa e sinto uma fraqueza repentina com suor frio e o peito estranho, sem conseguir andar.",alto risco
"Dificuldade pra respirar que começou do nada, lábios roxos e muita agonia.",alto risco
"Boca torta, fala embolada e fraqueza em um lado do corpo, apareceu de repente.",alto risco
"Minha pressão deu treze por oito hoje e me sinto bem, sem dor de cabeça.",baixo risco
"Dor nas pernas depois de correr ontem, tipo dor muscular de exercício.",baixo risco
"Meu nariz está entupido e tenho uma tosse leve há dois dias, sem falta de ar.",baixo risco
"Dor no peito com enjoo e suor frio desde a madrugada, não melhora com nada.",alto risco
Dor no peito e suor frio agora.,alto risco
"Leve dor de cabeça hoje, nada mais.",baixo risco
"Falta de ar intensa e repentina depois de uma viagem longa, com dor na panturrilha.",alto risco
"Falta de ar de repente, não consigo terminar uma frase sem parar para respirar.",alto risco
Meu coração bate descompassado e sinto que vou desmaiar a qualquer momento.,alto risco
"Dor em queimação no peito que sobe para a garganta, com suor frio e fraqueza, mesmo sem ter comido nada.",alto risco
"Uma dor leve no peito ao mover o tronco, piora quando aperto com o dedo.",baixo risco
Perdi a visão de um olho de repente e estou com dor de cabeça muito forte.,alto risco
"Uma pontada rápida no peito que dura um segundo quando respiro fundo, depois some.",baixo risco
"Sinto o peito pesado, falta de ar ao menor esforço e as pernas inchando, piorou muito hoje.",alto risco
De repente minha fala ficou enrolada e o lado direito do rosto caiu.,alto risco
Perdi a força no braço e na perna esquerda de uma hora para outra.,alto risco
"To sentindo o coraçao acelerado, falta de ar e a cabeça rodando, quase caí agora.",alto risco
"Fraqueza súbita de um lado do corpo, tontura e dificuldade de enxergar.",alto risco
"Tenho um pouco de tontura quando levanto rápido da cama, passa em segundos.",baixo risco
"Leve falta de ar quando subo correndo a ladeira, como sempre foi, sem outros sintomas.",baixo risco
"Aperto no peito em repouso, suor frio e vômito, nunca senti nada igual.",alto risco
"Dor de garganta e um pouco de moleza, parece um resfriado comum.",baixo risco
"Dor forte no peito e nas costas, rasgando, com suor frio e pressão diferente nos dois braços.",alto risco
Cansaço nas pernas depois de um dia inteiro em pé no trabalho.,baixo risco
"Dor no peito irradiando pro pescoço e pro braço, com suadeira e fraqueza.",alto risco
Estou com uma dor forte no peito que espalha para o braço esquerdo e suor frio.,alto risco
Meu relógio marcou batimento de sessenta em repouso e eu me sinto bem.,baixo risco
"Estou cansado porque dormi mal esta semana, mas não tenho nenhum outro sintoma.",baixo risco
"Dor nas costelas depois de uma crise de tosse, dói quando respiro fundo e ao apertar.",baixo risco
Dor muscular nas costas e no peito depois de carregar caixas na mudança.,baixo risco
"Palpitação leve depois de tomar energético, passou em poucos minutos.",baixo risco
"Dor no peito que piora e não alivia, com falta de ar e suor frio, estou com medo.",alto risco
"Tenho refluxo há anos, sinto azia quando deito logo depois de jantar.",baixo risco
"Leve tontura depois de ficar muito tempo no sol, melhorou com água e sombra.",baixo risco
"Estou ansiosa e tensa com o trabalho, com dor nos ombros e no pescoço.",baixo risco
Estou nervoso com a entrevista de amanhã e sinto um frio na barriga.,baixo risco
"Não é só cansaço, é uma dor apertando o peito e subindo pro braço, com suor frio.",alto risco
Falta de ar súbita com dor no peito ao respirar e a perna esquerda inchada e dolorida.,alto risco
Estou com dor no braço direito depois de pintar a parede ontem.,baixo risco
Enjoo leve pela manhã depois de tomar o remédio em jejum.,baixo risco
"Meu coração está disparado e sinto tontura, parece que vou cair.",alto risco
"Fico com o coração um pouco acelerado antes das provas, mas passa rápido.",baixo risco
Sinto queimação no estômago quando fico muito tempo sem comer.,baixo risco
"Tenho 70 anos e desde cedo estou com uma canseira estranha, náusea e suor frio sem motivo.",alto risco
"Fiquei um pouco enjoada no ônibus, mas já melhorou quando desci.",baixo risco
"Tenho azia frequente e gosto amargo na boca pela manhã, sem dor no peito.",baixo risco
"Dor no peito que começou no treino e não passou com o descanso, agora estou suado e enjoado.",alto risco
"Dor forte no peito com formigamento no braço esquerdo, começou faz meia hora.",alto risco
"Minha pressão deu vinte por doze, com dor de cabeça forte, vista embaçada e dor no peito.",alto risco
Dor no meio do peito com sensação de morte iminente e suor gelado.,alto risco
"Senti tontura, escureceu tudo e desmaiei no banheiro, bati a cabeça.",alto risco
"Coração acelerado durante o treino de corrida, volta ao normal quando paro.",baixo risco
Desmaiei na cozinha e acordei no chão sem saber o que aconteceu.,alto risco
"Não consigo respirar deitado, tive que sentar na cama, e os pés estão muito inchados.",alto risco
"Fiz exame de rotina, colesterol um pouco alto, mas não sinto nada.",baixo risco
