numero,frase,sintomas_identificados,sintomas_negados,diagnostico_sugerido,hipoteses_alternativas,pontuacao
1,"Desde ontem à noite sinto uma dor no peito muito forte, com suor frio e formigamento no braço esquerdo; hoje não consegui ir trabalhar e mal aguento andar até a cozinha.",dor no peito; suor frio; formigamento no braço,,Infarto,Arritmia (1); Síncope (1),Infarto=3; Arritmia=1; Síncope=1
2,"Faz umas três semanas que sinto aperto no peito ao subir escada e cansaço ao caminhar depressa; melhora com repouso em poucos minutos, mas já deixei de ir à feira a pé.",aperto no peito ao subir escada; cansaço ao caminhar; melhora com repouso,,Angina,Insuficiência Cardíaca (1),Angina=3; Insuficiência Cardíaca=1
3,"De uns dois meses para cá estou com as pernas inchadas, uma canseira danada e acordo com falta de ar de madrugada; já não dou conta de cuidar da casa sozinha.",pernas inchadas; canseira; acordo com falta de ar,,Insuficiência Cardíaca,,Insuficiência Cardíaca=3
4,"Há uns dez dias, no meio do treino de corrida, sinto o coração acelerado do nada, com batedeira e tontura; parei de treinar porque fiquei com medo de cair na pista.",coração acelerado; batedeira; tontura,,Arritmia,Ansiedade (1); Hipertensão (1),Arritmia=3; Ansiedade=1; Hipertensão=1
5,"Nos últimos quinze dias estou com a pressão alta, dor na nuca e zumbido no ouvido quase todo dia; no serviço não consigo me concentrar e já saí mais cedo duas vezes.",pressão alta; dor na nuca; zumbido no ouvido,,Hipertensão,,Hipertensão=3
6,"Hoje de manhã, de repente, fiquei com a fala enrolada, a boca torta e fraqueza no braço direito; não consegui nem segurar a xícara de café e estou com medo de ficar sozinha.",fala enrolada; boca torta; fraqueza no braço,,AVC,,AVC=3
7,"Ontem, depois de ficar em pé no sol na fila do banco, senti vista escura e suor frio e tive um desmaio; hoje faltei à aula com medo de cair de novo.",vista escura; suor frio; desmaio,,Síncope,Arritmia (1); Hipertensão (1); Infarto (1),Síncope=3; Arritmia=1; Hipertensão=1; Infarto=1
8,"Desde anteontem, depois de jantar tarde, sinto queimação no peito e azia quando deito, com gosto amargo na boca; durmo mal e acordo cansado para o trabalho.",queimação no peito; azia; gosto amargo na boca,,Refluxo,Infarto (1),Refluxo=3; Infarto=1
9,"Faz quatro dias que sinto dor no peito ao apertar e dor ao mover o braço, depois de um treino pesado de musculação; não tenho falta de ar, mas incomoda na hora de dormir de lado.",dor no peito ao apertar; dor ao mover o braço,falta de ar,Dor Musculoesquelética,,Dor Musculoesquelética=2
10,"Há um mês, sempre antes das reuniões, fico com o coração acelerado, formigamento nas mãos e uma sensação de sufoco que passa em meia hora; tenho evitado apresentar meus projetos.",coração acelerado; formigamento nas mãos; sensação de sufoco,,Ansiedade,Arritmia (1),Ansiedade=3; Arritmia=1
